Order_ID,Order_Date,Region,Sales_Rep,Product,Channel,Quantity,Unit_Price,Discount_%,Revenue,Cost,Profit,Customer_Rating,order_status
Unknown,NULL,East,"Eve Martinez",Laptop,Wholesale,19,326.22,0,6198.18,3455.62,2742.56,3.1,Profit
Unknown,NULL,South,"Alice Johnson",Keyboard,Retail,23,934.66,0.01,21282.21,17557.51,3724.7,4.6,Profit
Unknown,2023-02-18,North,"Alice Johnson",Monitor,Retail,3,1444.82,0.08,3987.7,1997.18,1990.52,4.1,Profit
Unknown,2023-09-02,North,"Carol White",Keyboard,Wholesale,44,462.81,0,20363.64,11670.66,8692.98,4.9,Profit
Unknown,2024-09-26,South,"Alice Johnson",Laptop,Retail,13,199.36,0.07,2410.26,2315.56,94.7,3.9,Profit
ORD-0002,2023-01-03,South,"Eve Martinez",Mouse,Unknown,24,1247.7,0.42,17367.98,21373.92,-4005.94,3.2,Loss
ORD-0003,2023-01-05,North,"Carol White",Laptop,Direct,34,1041.88,0.02,34715.44,15760.58,18954.86,3.1,Profit
ORD-0004,2023-01-08,East,"David Lee",Keyboard,Retail,6,736.16,0.18,3621.91,2348.29,1273.62,5,Profit
ORD-0005,2023-01-10,South,"Bob Smith",Keyboard,Retail,48,1204.41,0.12,50874.28,54624.32,-3750.04,4.9,Loss
ORD-0006,2023-01-13,West,"Alice Johnson",Laptop,Online,44,1243.93,0.02,53638.26,26141.87,27496.39,3.2,Profit
ORD-0007,2023-01-15,South,"Alice Johnson",Monitor,Retail,26,365.13,0.16,7974.44,6328.48,1645.96,3.4,Profit
ORD-0008,2023-01-18,South,"David Lee",Headset,Wholesale,45,48.57,0.01,2163.79,1904.94,258.85,4.4,Profit
ORD-0009,2023-01-20,West,"Bob Smith",Monitor,Online,7,248.57,0.06,1635.59,1126.36,509.23,3.8,Profit
ORD-0010,2023-01-22,East,"Eve Martinez",Monitor,Online,15,1281.5,0.27,14032.42,11470.15,2562.27,2.8,Profit
ORD-0011,2023-01-25,North,"Carol White",Mouse,Online,22,387.18,0.08,7836.52,5082.75,2753.77,3.8,Profit
ORD-0012,2023-01-27,South,"Carol White",Laptop,Online,24,1104.76,0.08,24393.1,20765.74,3627.36,3.6,Profit
ORD-0013,2023-01-30,West,"David Lee",Monitor,Unknown,45,1103.43,0.04,47668.18,29434.21,18233.97,4.3,Profit
ORD-0014,2023-02-01,South,"Carol White",Headset,Online,29,45.27,0.18,1076.52,880.78,195.74,3.6,Profit
ORD-0015,2023-02-04,West,"Carol White",Keyboard,Retail,17,691.91,0.06,11056.72,7533.09,3523.63,4.7,Profit
ORD-0016,2023-02-06,North,"Carol White",Headset,Unknown,40,60.01,0.09,2184.36,1713.76,470.6,4.8,Profit
ORD-0017,2023-02-09,South,"David Lee",Headset,Unknown,13,73.48,0.13,831.06,847.15,-16.09,3.5,Loss
ORD-0018,2023-02-11,South,"Eve Martinez",Headset,Online,23,59.39,0.25,1024.48,1093.45,-68.97,2.8,Loss
ORD-0019,2023-02-13,East,Unknown,Monitor,Retail,33,1194.52,0.09,35871.44,16224.49,19646.95,4.5,Profit
ORD-0020,2023-02-16,West,"David Lee",Mouse,Retail,50,977.01,0.15,41522.92,28366.55,13156.37,3.4,Profit
ORD-0022,2023-02-21,West,"David Lee",Monitor,Unknown,7,1488.39,0.16,8751.73,4891.95,3859.78,3.3,Profit
ORD-0023,2023-02-23,East,"Alice Johnson",Laptop,Online,45,1076.61,0.08,44571.65,30827.09,13744.56,3.4,Profit
ORD-0024,2023-02-26,South,"Carol White",Mouse,Direct,25,340.8,0.18,6986.4,8089.24,-1102.84,4.1,Loss
ORD-0025,2023-02-28,East,"Eve Martinez",Headset,Online,35,34.37,0.34,793.95,727.33,66.62,3,Profit
ORD-0026,2023-03-03,East,"Carol White",Headset,Retail,44,51.98,0,2287.12,1772.25,514.87,3.8,Profit
ORD-0027,2023-03-05,North,"David Lee",Laptop,Online,4,566.19,0.05,2151.52,1305.99,845.53,3.3,Profit
ORD-0028,2023-03-07,South,"David Lee",Keyboard,Unknown,13,246.38,0.03,3106.85,2346.63,760.22,3.7,Profit
ORD-0029,2023-03-10,East,"Bob Smith",Mouse,Direct,23,1006.69,0.16,19449.25,8669.71,10779.54,4.4,Profit
ORD-0030,2023-03-12,West,"Eve Martinez",Laptop,Online,3,1158.04,0.38,2153.95,1389.54,764.41,3.8,Profit
ORD-0031,NULL,West,"David Lee",Headset,Retail,11,40.41,0.01,440.06,312.37,127.69,4.3,Profit
ORD-0032,2023-03-17,South,"Bob Smith",Laptop,Online,42,1452.63,0.15,51858.89,39886.27,11972.62,3.8,Profit
ORD-0033,2023-03-20,West,"Alice Johnson",Headset,Retail,37,46.63,0.16,1449.26,1487.66,-38.4,3.2,Loss
ORD-0034,2023-03-22,West,"Eve Martinez",Headset,Unknown,29,42.39,0.31,848.22,754.4,93.82,3.1,Profit
ORD-0035,2023-03-25,South,"Bob Smith",Monitor,Wholesale,36,499.94,0.02,17637.88,14006.8,3631.08,3.1,Profit
ORD-0037,2023-03-29,East,"Bob Smith",Headset,Online,49,71.79,0.06,3306.65,2532.27,774.38,4,Profit
ORD-0038,2023-04-01,East,"Bob Smith",Mouse,Online,14,423.31,0.05,5630.02,3573.98,2056.04,3.2,Profit
ORD-0039,2023-04-03,North,Unknown,Headset,Retail,12,57.76,0.01,686.19,598.89,87.3,3.4,Profit
ORD-0040,2023-04-06,West,"Bob Smith",Keyboard,Online,33,642.07,0.2,16950.65,10252.46,6698.19,3.3,Profit
ORD-0042,2023-04-11,West,"Alice Johnson",Mouse,Unknown,12,271.15,0.15,2765.73,1381.32,1384.41,4.7,Profit
ORD-0043,2023-04-13,South,"David Lee",Headset,Retail,35,24.63,0.05,818.95,618.98,199.97,4.4,Profit
ORD-0044,2023-04-15,South,"Carol White",Monitor,Wholesale,50,881.72,0.1,39677.4,29939.31,9738.09,4.3,Profit
ORD-0045,2023-04-18,West,"David Lee",Monitor,Online,43,495.85,0.05,20255.47,13367.29,6888.18,3.5,Profit
ORD-0046,2023-04-20,East,"Carol White",Headset,Online,11,40.67,0,447.37,303.37,144,3.9,Profit
ORD-0047,2023-04-23,West,"Alice Johnson",Monitor,Retail,6,1265.45,0.08,6985.28,3474.81,3510.47,3.6,Profit
ORD-0048,2023-04-25,South,"Alice Johnson",Headset,Online,2,30.56,0.04,58.68,51.11,7.57,4.5,Profit
ORD-0049,2023-04-28,North,"Alice Johnson",Laptop,Online,6,1062.46,0.19,5163.56,2938.32,2225.24,3.8,Profit
ORD-0050,2023-04-30,South,"Eve Martinez",Keyboard,Wholesale,21,1091.15,0.41,13519.35,16772.73,-3253.38,2.9,Loss
ORD-0051,2023-05-03,West,"Bob Smith",Monitor,Online,18,1324.35,0,23838.3,10081.96,13756.34,3.9,Profit
ORD-0052,2023-05-05,South,"Alice Johnson",Headset,Online,50,43.01,0.15,1827.92,1579.95,247.97,4.5,Profit
ORD-0053,2023-05-07,East,"David Lee",Keyboard,Unknown,21,803.71,0.05,16034.01,9419.57,6614.44,4.8,Profit
ORD-0054,2023-05-10,South,"Eve Martinez",Keyboard,Retail,5,919.26,0.31,3171.45,4011.7,-840.25,3,Loss
ORD-0055,2023-05-12,East,"David Lee",Laptop,Online,41,264.17,0.08,9964.49,5166.48,4798.01,4.3,Profit
ORD-0056,2023-05-15,East,"Alice Johnson",Laptop,Wholesale,14,369.22,0.13,4497.1,1974.98,2522.12,NULL,Profit
ORD-0057,2023-05-17,South,"Bob Smith",Headset,Wholesale,12,62.34,0.02,733.12,675.2,57.92,4.5,Profit
ORD-0058,2023-05-20,South,"Alice Johnson",Monitor,Retail,20,435.27,0.2,6964.32,6071.95,892.37,3.5,Profit
ORD-0059,2023-05-22,North,"Eve Martinez",Headset,Wholesale,31,43.47,0.43,768.11,1050.19,-282.08,2.8,Loss
ORD-0060,2023-05-25,Unknown,"Eve Martinez",Monitor,Online,17,790.15,0.38,8328.18,6552.86,1775.32,2.7,Profit
ORD-0062,2023-05-29,East,"Carol White",Headset,Online,38,67.61,0.0,2569.18,1609.66,959.52,3.9,Profit
ORD-0063,2023-06-01,North,"Bob Smith",Keyboard,Unknown,16,504.18,0.02,7905.54,4593.43,3312.11,4.4,Profit
ORD-0064,2023-06-03,North,"Bob Smith",Mouse,Online,40,238.41,0.01,9441.04,5733.81,3707.23,3.6,Profit
ORD-0065,2023-06-06,South,"Alice Johnson",Mouse,Wholesale,31,850.01,0.07,24505.79,19879.52,4626.27,3.1,Profit
ORD-0066,2023-06-08,South,"Eve Martinez",Monitor,Retail,14,1231.57,0.38,10690.03,14335.99,-3645.96,3.6,Loss
ORD-0067,2023-06-11,Unknown,"David Lee",Mouse,Direct,34,1279.82,0.11,38727.35,15498.04,23229.31,4.2,Profit
ORD-0068,2023-06-13,South,"Alice Johnson",Laptop,Retail,21,1436.15,0.11,26841.64,27149.33,-307.69,3.3,Loss
ORD-0069,2023-06-16,South,Unknown,Headset,Direct,36,37.74,0.13,1182.02,1022.99,159.03,3.4,Profit
ORD-0070,2023-06-18,North,"Bob Smith",Laptop,Online,28,1311.88,0.11,32692.05,16962.68,15729.37,4.3,Profit
ORD-0072,2023-06-23,South,"David Lee",Mouse,Retail,43,1466.89,0.2,50461.02,46224.84,4236.18,4.8,Profit
ORD-0073,2023-06-25,North,"Eve Martinez",Headset,Wholesale,45,59.69,0.4,1611.63,2373.5,-761.87,3.3,Loss
ORD-0074,2023-06-28,East,"Bob Smith",Keyboard,Retail,9,456.47,0.09,3738.49,1911.02,1827.47,4.7,Profit
ORD-0075,2023-06-30,South,"Eve Martinez",Monitor,Direct,5,789.7,0.31,2724.46,3489.87,-765.41,4,Loss
ORD-0076,2023-07-03,North,"Eve Martinez",Laptop,Wholesale,36,1438.88,0,51799.68,32535.26,19264.42,3,Profit
ORD-0077,2023-07-05,West,Unknown,Laptop,Unknown,14,1108.53,0.19,12570.73,7531.75,5038.98,4.3,Profit
ORD-0078,2023-07-07,West,"David Lee",Headset,Retail,47,22.68,0.04,1023.32,954.66,68.66,3.9,Profit
ORD-0079,2023-07-10,South,Unknown,Keyboard,Retail,30,489.69,0.12,12927.82,12943.35,-15.53,4.4,Loss
ORD-0080,2023-07-12,North,"Alice Johnson",Laptop,Retail,37,638.7,0.07,21977.67,13657.29,8320.38,4.5,Profit
ORD-0082,2023-07-17,West,Unknown,Monitor,Retail,17,759.63,0.02,12655.44,7259.14,5396.3,4.4,Profit
ORD-0083,2023-07-20,South,"David Lee",Keyboard,Retail,12,1173.89,0.01,13945.81,10213.28,3732.53,3.3,Profit
ORD-0084,2023-07-22,West,Unknown,Headset,Retail,34,71.7,0.06,2291.53,1698.07,593.46,3.7,Profit
ORD-0085,2023-07-25,North,"Carol White",Headset,Online,10,52.82,0.09,480.66,433.52,47.14,4,Profit
ORD-0086,2023-07-27,South,"David Lee",Monitor,Retail,45,956.25,0.1,38728.12,35131.66,3596.46,4.2,Profit
ORD-0087,2023-07-29,West,"David Lee",Keyboard,Unknown,45,643.41,0.07,26926.71,13812.48,13114.23,3.6,Profit
ORD-0088,2023-08-01,Unknown,"David Lee",Laptop,Direct,49,431.26,0.2,16905.39,8389.53,8515.86,3.5,Profit
ORD-0089,2023-08-03,South,Unknown,Monitor,Retail,4,1109.15,0.02,4347.87,3510.31,837.56,3.4,Profit
ORD-0090,2023-08-06,Unknown,"David Lee",Keyboard,Retail,42,869.76,0.13,31781.03,19322,12459.03,4.3,Profit
ORD-0091,NULL,South,"Eve Martinez",Laptop,Retail,31,887.57,0,27514.67,21875.39,5639.28,3.2,Profit
ORD-0092,2023-08-11,South,"David Lee",Keyboard,Retail,20,840.77,0.12,14797.55,14859.79,-62.24,4,Loss
ORD-0093,2023-08-13,Unknown,"Eve Martinez",Keyboard,Online,23,775.55,0.33,11951.23,10998.85,952.38,3,Profit
ORD-0094,2023-08-16,North,"Bob Smith",Laptop,Online,36,690.1,0.11,22110.8,14319.47,7791.33,4.7,Profit
ORD-0095,2023-08-18,North,"David Lee",Monitor,Retail,50,1172.01,0.0,58600.5,32908.77,25691.73,3.1,Profit
ORD-0096,2023-08-20,North,"Bob Smith",Monitor,Retail,14,382.98,0.15,4557.46,2172.41,2385.05,3.5,Profit
ORD-0097,2023-08-23,South,"Carol White",Keyboard,Wholesale,16,495.03,0.13,6890.82,5397.05,1493.77,4.2,Profit
ORD-0098,2023-08-25,North,"Eve Martinez",Laptop,Unknown,26,1378.05,0.31,24722.22,21299.95,3422.27,3.1,Profit
ORD-0099,2023-08-28,South,"David Lee",Monitor,Wholesale,42,761.74,0.1,28793.77,25301.99,3491.78,3.5,Profit
ORD-0100,2023-08-30,East,"Carol White",Unknown,Online,28,1090.66,0.18,25041.55,17009.93,8031.62,4.9,Profit
ORD-0102,2023-09-04,East,"David Lee",Mouse,Retail,43,518.38,0.18,18278.08,11402.76,6875.32,3.2,Profit
ORD-0103,2023-09-07,East,"Eve Martinez",Headset,Online,23,43.33,0.31,687.65,663.99,23.66,2.9,Profit
ORD-0104,2023-09-09,North,"Bob Smith",Headset,Online,11,70.52,0.0,775.72,544.83,230.89,3.4,Profit
ORD-0105,2023-09-11,South,"Eve Martinez",Laptop,Direct,38,1193.42,0.38,28116.98,38407.73,-10290.75,2.7,Loss
ORD-0107,2023-09-16,North,"Bob Smith",Keyboard,Unknown,39,199.16,0.11,6912.84,2720.88,4191.96,4.2,Profit
ORD-0108,2023-09-19,South,"David Lee",Monitor,Retail,50,410.41,0.19,16621.6,18356.55,-1734.94,3.9,Loss
ORD-0109,2023-09-21,South,"Eve Martinez",Monitor,Retail,49,479.56,0.26,17388.85,16815.36,573.49,3,Profit
ORD-0110,2023-09-24,East,"Eve Martinez",Laptop,Direct,46,134.09,0.26,4564.42,2525.05,2039.37,3.8,Profit
ORD-0111,2023-09-26,South,"Alice Johnson",Laptop,Retail,6,255.13,0.01,1515.47,1003.73,511.74,NULL,Profit
ORD-0112,2023-09-29,West,"Eve Martinez",Headset,Retail,29,43.12,0.26,925.36,817.7,107.66,2.8,Profit
ORD-0113,2023-10-01,East,"Eve Martinez",Monitor,Direct,20,1016.3,0.31,14024.94,7374.54,6650.4,2.8,Profit
ORD-0114,2023-10-03,South,"David Lee",Monitor,Direct,16,949.36,0.02,14885.96,13792.15,1093.81,3.8,Profit
ORD-0115,2023-10-06,South,"Alice Johnson",Keyboard,Online,49,339.45,0.03,16134.06,13936.33,2197.73,4.7,Profit
ORD-0116,2023-10-08,East,Unknown,Monitor,Unknown,16,376.6,0.1,5423.04,3788.51,1634.53,3,Profit
ORD-0117,2023-10-11,East,"David Lee",Keyboard,Wholesale,48,899.85,0.05,41033.16,20835.71,20197.45,4.1,Profit
ORD-0118,2023-10-13,West,"David Lee",Monitor,Unknown,31,1145.99,0.16,29841.58,18912.71,10928.87,3.2,Profit
ORD-0119,2023-10-16,North,"Eve Martinez",Mouse,Retail,39,414.42,0.42,9374.18,6264.66,3109.52,3.4,Profit
ORD-0120,2023-10-18,West,"Carol White",Laptop,Online,12,1032.93,0.18,10164.03,6563.42,3600.61,3.1,Profit
ORD-0122,2023-10-23,North,"Carol White",Monitor,Direct,18,474.83,0.12,7521.31,4512.1,3009.21,4.5,Profit
ORD-0123,2023-10-25,East,"Carol White",Keyboard,Direct,17,732.28,0.17,10332.47,5003.25,5329.22,4.9,Profit
ORD-0124,2023-10-28,South,"Alice Johnson",Keyboard,Online,24,100.25,0.19,1948.86,2107.66,-158.8,4.2,Loss
ORD-0125,2023-10-30,South,"Alice Johnson",Keyboard,Retail,37,940.1,0.11,30957.49,24641.11,6316.38,4.7,Profit
ORD-0126,2023-11-02,West,"Alice Johnson",Laptop,Online,20,1024.18,0,20483.6,9620.82,10862.78,4.2,Profit
ORD-0127,2023-11-04,East,"David Lee",Laptop,Online,30,901.26,0.12,23793.26,12453.84,11339.42,3.7,Profit
ORD-0128,2023-11-07,North,"David Lee",Mouse,Online,11,1140.15,0.14,10785.82,7762.86,3022.96,3.4,Profit
ORD-0129,2023-11-09,South,"David Lee",Laptop,Retail,25,1242.88,0.09,28275.52,22577.02,5698.5,4.7,Profit
ORD-0130,2023-11-11,North,"Bob Smith",Laptop,Online,12,836.67,0.14,8634.43,3955.45,4678.98,4.1,Profit
ORD-0131,2023-11-14,South,"Eve Martinez",Laptop,Online,22,1194.52,0.28,18921.2,23603.39,-4682.19,3.9,Loss
ORD-0132,2023-11-16,North,"Bob Smith",Monitor,Retail,36,1206.86,0.07,40405.67,20833.81,19571.86,4.2,Profit
ORD-0133,2023-11-19,South,"Bob Smith",Laptop,Retail,10,659.42,0.1,5934.78,6031.46,-96.68,4.4,Loss
ORD-0134,2023-11-21,South,"David Lee",Laptop,Online,34,1042.72,0.0,35452.48,30255.08,5197.4,3.9,Profit
ORD-0135,2023-11-24,North,"Bob Smith",Laptop,Retail,41,662.7,0.0,27170.7,11343.74,15826.96,3.5,Profit
ORD-0136,2023-11-26,West,"Bob Smith",Mouse,Wholesale,25,1003.27,0,25081.75,14021.84,11059.91,4.2,Profit
ORD-0137,2023-11-29,East,"David Lee",Headset,Online,36,44.23,0.16,1337.52,1311.94,25.58,3,Profit
ORD-0138,2023-12-01,South,"Carol White",Monitor,Online,16,751.06,0.09,10935.43,10061.47,873.96,3.8,Profit
ORD-0139,2023-12-03,West,"Eve Martinez",Keyboard,Online,5,1249.75,0.44,3499.3,3148.31,350.99,3.3,Profit
ORD-0140,2023-12-06,East,"Carol White",Headset,Online,3,71.17,0.15,181.48,158.38,23.1,3.3,Profit
ORD-0142,2023-12-11,North,"David Lee",Laptop,Retail,10,387.6,0.14,3333.36,1909.13,1424.23,3.2,Profit
ORD-0143,2023-12-13,East,"David Lee",Headset,Direct,40,78.18,0.01,3095.93,2371.99,723.94,3.8,Profit
ORD-0144,2023-12-16,West,"Bob Smith",Keyboard,Retail,41,282.81,0.05,11015.45,5266.37,5749.08,4.6,Profit
ORD-0145,2023-12-18,South,"Carol White",Headset,Online,34,49.98,0.13,1478.41,1472.31,6.1,3.1,Profit
ORD-0146,2023-12-21,South,"David Lee",Laptop,Online,1,1207.64,0.03,1171.41,970.76,200.65,3.7,Profit
ORD-0147,2023-12-23,South,"Eve Martinez",Headset,Direct,24,72.2,0.4,1039.68,1161.27,-121.59,3.4,Loss
ORD-0148,2023-12-25,North,"Eve Martinez",Headset,Unknown,3,52.73,0.33,105.99,110.43,-4.44,3.9,Loss
ORD-0149,2023-12-28,South,"Bob Smith",Laptop,Direct,4,486.74,0.11,1732.79,1624.49,108.3,3.9,Profit
ORD-0150,2023-12-30,North,"David Lee",Keyboard,Online,15,300.11,0.03,4366.6,2878.93,1487.67,4.4,Profit
ORD-0151,NULL,South,"David Lee",Laptop,Online,5,382.68,0,1913.4,1581.88,331.52,4,Profit
ORD-0152,2024-01-04,South,"David Lee",Mouse,Wholesale,50,768.83,0.13,33444.11,31920.17,1523.94,3.3,Profit
ORD-0153,2024-01-07,North,"Eve Martinez",Monitor,Online,34,388.1,0.37,8313.1,7568.94,744.16,3.1,Profit
ORD-0154,2024-01-09,South,"Bob Smith",Mouse,Wholesale,29,1311.5,0.0,38033.5,31441.18,6592.32,3.7,Profit
ORD-0155,2024-01-11,South,"Bob Smith",Monitor,Online,9,905.38,0.01,8066.94,7243.28,823.66,4.1,Profit
ORD-0156,2024-01-14,East,"Bob Smith",Monitor,Online,12,377.79,0.12,3989.46,2574.11,1415.35,3,Profit
ORD-0157,2024-01-16,North,"David Lee",Monitor,Wholesale,13,841.69,0.16,9191.25,4643.47,4547.78,4.7,Profit
ORD-0158,2024-01-19,South,"David Lee",Laptop,Online,22,1428.11,0.0,31418.42,21195.21,10223.21,4.2,Profit
ORD-0159,2024-01-21,East,"Eve Martinez",Headset,Retail,15,52.43,0.44,440.41,665.72,-225.31,3.6,Loss
ORD-0160,2024-01-24,South,"David Lee",Mouse,Retail,17,651.43,0.09,10077.62,8470.59,1607.03,4.5,Profit
ORD-0162,2024-01-29,South,"Carol White",Keyboard,Online,43,1437.01,0.09,56230.2,45621.53,10608.67,4.7,Profit
ORD-0163,2024-01-31,South,"Carol White",Monitor,Wholesale,4,499.99,0.09,1819.96,1650.8,169.16,4.5,Profit
ORD-0164,2024-02-02,South,"Eve Martinez",Keyboard,Online,7,1480.39,0.37,6528.52,7455.59,-927.07,2.5,Loss
ORD-0165,2024-02-05,East,"Bob Smith",Headset,Retail,3,26.43,0.06,74.53,60,14.53,4.2,Profit
ORD-0166,2024-02-07,South,"Bob Smith",Unknown,Retail,26,250.26,0.02,6376.62,4565.94,1810.68,NULL,Profit
ORD-0167,2024-02-10,West,"Alice Johnson",Mouse,Unknown,33,386.28,0.2,10197.79,5035.87,5161.92,3.4,Profit
ORD-0168,2024-02-12,West,Unknown,Keyboard,Wholesale,8,171.98,0.11,1224.5,744.02,480.48,3.8,Profit
ORD-0169,2024-02-15,South,"Eve Martinez",Monitor,Wholesale,25,462.97,0.36,7407.52,9513.03,-2105.51,3.5,Loss
ORD-0170,2024-02-17,South,"Alice Johnson",Headset,Online,23,28.32,0.17,540.63,508.05,32.58,3.7,Profit
ORD-0171,2024-02-20,South,"David Lee",Keyboard,Online,40,1157.27,0.18,37958.46,32703.13,5255.33,4,Profit
ORD-0172,2024-02-22,North,"Alice Johnson",Headset,Retail,32,71.29,0.06,2144.4,1915.31,229.09,3.9,Profit
ORD-0173,2024-02-24,South,"Alice Johnson",Keyboard,Online,1,1475.13,0.12,1298.11,981.94,316.17,3.8,Profit
ORD-0174,2024-02-27,South,"Carol White",Keyboard,Retail,41,286.35,0.16,9861.89,9142.64,719.25,3.4,Profit
ORD-0175,2024-02-29,North,"Alice Johnson",Keyboard,Wholesale,3,1498.23,0.01,4449.74,1808.91,2640.83,3.8,Profit
ORD-0177,2024-03-05,South,"Alice Johnson",Monitor,Direct,9,588.91,0.12,4664.17,5031.75,-367.58,3.9,Loss
ORD-0178,2024-03-08,East,"Bob Smith",Keyboard,Online,4,637.38,0.16,2141.6,1462.48,679.12,4.8,Profit
ORD-0179,2024-03-10,South,"Eve Martinez",Keyboard,Direct,23,1287,0.26,21904.74,21923.73,-18.99,3.4,Loss
ORD-0180,2024-03-13,South,"Alice Johnson",Monitor,Retail,36,1069.82,0.17,31966.22,32219.6,-253.38,4.3,Loss
ORD-0182,2024-03-17,South,"Bob Smith",Mouse,Wholesale,32,1134.36,0.1,32669.57,23747.28,8922.29,4.1,Profit
ORD-0183,2024-03-20,South,"David Lee",Laptop,Retail,44,1380.9,0.11,54076.04,46687.47,7388.57,3.4,Profit
ORD-0184,2024-03-22,North,"David Lee",Keyboard,Retail,44,215.87,0.07,8833.4,5713.91,3119.49,3.2,Profit
ORD-0185,2024-03-25,South,"Eve Martinez",Monitor,Online,39,946.42,0.43,21038.92,34028.06,-12989.14,3.1,Loss
ORD-0186,2024-03-27,East,"Alice Johnson",Monitor,Direct,3,242,0.04,696.96,364.63,332.33,3,Profit
ORD-0187,2024-03-30,East,"Eve Martinez",Monitor,Retail,30,387.09,0.4,6967.62,6648.52,319.1,3.1,Profit
ORD-0188,2024-04-01,West,"Eve Martinez",Monitor,Wholesale,16,992.12,0.32,10794.27,7541.66,3252.61,3.7,Profit
ORD-0189,2024-04-03,West,"Eve Martinez",Headset,Retail,2,61.35,0.35,79.76,102.38,-22.62,3.8,Loss
ORD-0190,2024-04-06,South,"Alice Johnson",Monitor,Wholesale,42,1165,0.11,43547.7,42470,1077.7,4.6,Profit
ORD-0191,2024-04-08,South,"Eve Martinez",Laptop,Unknown,13,833.97,0.28,7805.96,7791.33,14.63,3.6,Profit
ORD-0192,2024-04-11,West,Unknown,Laptop,Online,14,882.23,0.07,11486.63,4738.49,6748.14,4.7,Profit
ORD-0193,2024-04-13,South,"Alice Johnson",Keyboard,Wholesale,15,1115.81,0.08,15398.18,12134.18,3264,3.8,Profit
ORD-0194,2024-04-16,North,"Eve Martinez",Laptop,Online,5,1122.57,0.37,3536.1,2509.21,1026.89,3,Profit
ORD-0195,2024-04-18,Unknown,"David Lee",Laptop,Online,22,188.36,0.1,3729.53,1748.57,1980.96,3.1,Profit
ORD-0196,2024-04-21,East,"Eve Martinez",Keyboard,Online,42,1228.81,0.42,29933.81,21018.52,8915.29,3.5,Profit
ORD-0197,2024-04-23,West,"Carol White",Laptop,Unknown,7,382.52,0.09,2436.65,1295.7,1140.95,4.5,Profit
ORD-0198,2024-04-25,East,"Eve Martinez",Monitor,Direct,21,103.67,0.45,1197.39,1013.71,183.68,3.1,Profit
ORD-0199,2024-04-28,South,"Eve Martinez",Keyboard,Online,49,689.68,0.29,23993.97,26231.78,-2237.81,2.5,Loss
ORD-0200,2024-04-30,West,"Eve Martinez",Mouse,Online,26,272.14,0.29,5023.7,3818.4,1205.3,2.6,Profit
ORD-0202,2024-05-05,North,"Eve Martinez",Headset,Wholesale,16,44.22,0.41,417.44,439.93,-22.49,2.9,Loss
ORD-0203,2024-05-08,North,"Carol White",Laptop,Unknown,18,1466.93,0.05,25084.5,10171.31,14913.19,4.2,Profit
ORD-0204,2024-05-10,North,"Carol White",Keyboard,Online,9,1072.52,0.19,7818.67,3521.95,4296.72,3.7,Profit
ORD-0205,2024-05-13,North,"Bob Smith",Keyboard,Retail,12,916.18,0.19,8905.27,5966.64,2938.63,4.1,Profit
ORD-0206,2024-05-15,North,"Eve Martinez",Monitor,Retail,11,1343.72,0.42,8572.93,6485.04,2087.89,2.8,Profit
ORD-0207,2024-05-17,West,"Alice Johnson",Keyboard,Retail,47,124.16,0.16,4901.84,3410.7,1491.14,4.6,Profit
ORD-0208,2024-05-20,East,"Bob Smith",Keyboard,Direct,3,1030.78,0.02,3030.49,1109.23,1921.26,3.2,Profit
ORD-0209,2024-05-22,West,"Alice Johnson",Laptop,Online,4,737.1,0.16,2476.66,1462,1014.66,3.5,Profit
ORD-0210,2024-05-25,West,"Eve Martinez",Monitor,Retail,1,499.85,0.3,349.9,201.39,148.5,3.6,Profit
ORD-0212,2024-05-30,West,"Bob Smith",Laptop,Unknown,13,570.32,0.09,6746.89,4181.92,2564.97,3.4,Profit
ORD-0213,2024-06-01,North,Unknown,Laptop,Unknown,12,1115.8,0.07,12452.33,6843.39,5608.94,4.5,Profit
ORD-0214,2024-06-04,West,"David Lee",Laptop,Retail,15,156.27,0.04,2250.29,1295.94,954.35,3.7,Profit
ORD-0215,2024-06-06,East,"David Lee",Mouse,Direct,13,643.5,0.16,7027.02,3652,3375.02,4.6,Profit
ORD-0216,2024-06-08,South,"Eve Martinez",Keyboard,Online,35,562.33,0.42,11415.3,16297.07,-4881.77,3.8,Loss
ORD-0217,2024-06-11,South,"Eve Martinez",Headset,Online,32,36.34,0.42,674.47,909.68,-235.21,3.6,Loss
ORD-0218,2024-06-13,East,"David Lee",Monitor,Online,33,1300.99,0.07,39927.38,20242.21,19685.17,3.9,Profit
ORD-0219,2024-06-16,Unknown,"Bob Smith",Keyboard,Wholesale,9,355.95,0.03,3107.44,1917.06,1190.38,4.9,Profit
ORD-0220,2024-06-18,East,"Bob Smith",Mouse,Direct,10,720.05,0.02,7056.49,2894.04,4162.45,3.9,Profit
ORD-0222,2024-06-23,North,"Carol White",Monitor,Retail,36,1153.36,0.07,38614.49,17694.55,20919.94,3.7,Profit
ORD-0223,2024-06-26,North,"David Lee",Monitor,Retail,27,429.6,0.12,10207.3,7140.33,3066.97,4.8,Profit
ORD-0224,2024-06-28,South,"Carol White",Monitor,Retail,12,949.03,0.01,11274.48,10079.48,1195,4.7,Profit
ORD-0225,2024-06-30,South,"Bob Smith",Keyboard,Retail,4,464.99,0.04,1785.56,1373.51,412.05,4.1,Profit
ORD-0226,2024-07-03,East,"Bob Smith",Laptop,Unknown,12,869.65,0,10435.8,3922.19,6513.61,4.4,Profit
ORD-0227,2024-07-05,North,"Alice Johnson",Keyboard,Unknown,17,827.83,0.17,11680.68,7906.82,3773.86,4,Profit
ORD-0228,2024-07-08,West,"David Lee",Keyboard,Wholesale,28,364.12,0.03,9889.5,5872.23,4017.27,4.1,Profit
ORD-0229,2024-07-10,North,"David Lee",Monitor,Wholesale,31,1459.91,0.14,38921.2,18169.82,20751.38,3.5,Profit
ORD-0230,2024-07-13,West,"Alice Johnson",Keyboard,Wholesale,3,1412.44,0.05,4025.45,1994.48,2030.97,3.2,Profit
ORD-0231,2024-07-15,East,"David Lee",Laptop,Unknown,7,1427.28,0.09,9091.77,5559.1,3532.67,4.1,Profit
ORD-0232,2024-07-17,West,"Eve Martinez",Laptop,Retail,31,210.85,0.28,4706.17,2515.78,2190.39,3.4,Profit
ORD-0233,2024-07-20,North,Unknown,Monitor,Retail,21,153.72,0.11,2873.03,1447.59,1425.44,4.9,Profit
ORD-0234,2024-07-22,West,"David Lee",Laptop,Retail,18,885.16,0.15,13542.95,5994.46,7548.49,4.3,Profit
ORD-0235,2024-07-25,East,"Eve Martinez",Headset,Retail,32,37.67,0.35,783.54,1058.98,-275.44,3.3,Loss
ORD-0236,2024-07-27,South,Unknown,Laptop,Direct,13,1162.41,0.01,14960.22,10949.63,4010.59,4.7,Profit
ORD-0237,2024-07-30,North,"Eve Martinez",Keyboard,Retail,27,1315.18,0.34,23436.51,22890.72,545.79,2.6,Profit
ORD-0238,2024-08-01,North,"David Lee",Headset,Retail,18,36.38,0.1,589.36,453.07,136.29,4.9,Profit
ORD-0239,2024-08-04,South,"Bob Smith",Mouse,Online,20,1299.6,0.01,25732.08,23914.19,1817.89,3.6,Profit
ORD-0240,2024-08-06,South,"Eve Martinez",Laptop,Online,41,905.47,0.36,23759.53,25627.83,-1868.3,3.6,Loss
ORD-0242,2024-08-11,South,"Alice Johnson",Mouse,Unknown,1,286.04,0.02,280.32,217.33,62.99,4.6,Profit
ORD-0243,2024-08-13,East,"David Lee",Headset,Unknown,35,71.53,0.07,2328.3,1899.58,428.72,4.2,Profit
ORD-0244,2024-08-16,South,"Eve Martinez",Keyboard,Wholesale,12,1483.72,0.39,10860.83,12324.5,-1463.67,3.5,Loss
ORD-0245,2024-08-18,South,"Alice Johnson",Laptop,Retail,6,493.83,0.1,2666.68,2626.98,39.7,4.3,Profit
ORD-0247,2024-08-23,North,"Alice Johnson",Monitor,Direct,24,1301.97,0.16,26247.72,18613.17,7634.55,4.4,Profit
ORD-0248,2024-08-26,West,"David Lee",Mouse,Unknown,9,1092.35,0.11,8749.72,5776.4,2973.32,4.9,Profit
ORD-0249,2024-08-28,North,"Eve Martinez",Laptop,Retail,27,1221.83,0.26,24412.16,14836.83,9575.33,2.8,Profit
ORD-0250,2024-08-30,South,"Alice Johnson",Laptop,Online,18,1483.12,0.09,24293.51,17655.37,6638.14,4.7,Profit
ORD-0251,2024-09-02,East,"Bob Smith",Keyboard,Online,5,172.15,0,860.75,541.08,319.67,3,Profit
ORD-0252,2024-09-04,South,"Alice Johnson",Headset,Retail,17,33.85,0.02,563.94,375.24,188.7,3.7,Profit
ORD-0253,2024-09-07,East,"Bob Smith",Monitor,Online,27,415.4,0.16,9421.27,6716.54,2704.73,4.8,Profit
ORD-0254,2024-09-09,West,"David Lee",Laptop,Direct,43,1054.28,0.14,38987.27,26162.15,12825.12,4.6,Profit
ORD-0255,2024-09-12,East,"Carol White",Monitor,Online,17,825.29,0.12,12346.34,5654.14,6692.2,3.7,Profit
ORD-0256,2024-09-14,South,"Carol White",Mouse,Online,16,737.54,0.11,10502.57,10553.4,-50.83,4.6,Loss
ORD-0257,2024-09-17,North,"Alice Johnson",Keyboard,Unknown,39,306.82,0.13,10410.4,7025.69,3384.71,4.2,Profit
ORD-0258,2024-09-19,West,"Alice Johnson",Mouse,Retail,2,328.44,0.14,564.92,346.45,218.47,3.9,Profit
ORD-0259,2024-09-21,East,"Eve Martinez",Monitor,Retail,20,140.12,0.3,1961.68,1665.97,295.71,3.5,Profit
ORD-0260,2024-09-24,South,"Carol White",Headset,Unknown,49,67.18,0.15,2798.05,2461.03,337.02,3.3,Profit
ORD-0262,2024-09-29,North,"Eve Martinez",Headset,Retail,16,57.94,0.36,593.31,605.66,-12.35,2.9,Loss
ORD-0263,2024-10-01,East,"Bob Smith",Monitor,Retail,13,461.33,0.11,5337.59,3868.09,1469.5,4.3,Profit
ORD-0264,2024-10-04,North,Unknown,Keyboard,Online,45,842.31,0.17,31460.28,21389.05,10071.23,3.2,Profit
ORD-0265,2024-10-06,North,"Carol White",Headset,Online,38,73.19,0.06,2614.35,2236.12,378.23,4.4,Profit
ORD-0266,2024-10-08,South,"Eve Martinez",Mouse,Online,21,1279.84,0.4,16125.98,24176.11,-8050.13,2.9,Loss
ORD-0267,2024-10-11,North,"David Lee",Headset,Retail,14,27.61,0.18,316.96,325.11,-8.15,4.9,Loss
ORD-0268,2024-10-13,East,"Alice Johnson",Laptop,Retail,47,628.28,0.18,24213.91,10888.61,13325.3,4.2,Profit
ORD-0269,2024-10-16,South,Unknown,Mouse,Wholesale,47,1491.43,0.13,60984.57,65358.11,-4373.54,5,Loss
ORD-0270,2024-10-18,South,"Alice Johnson",Keyboard,Direct,14,416.89,0.02,5719.73,5374.76,344.97,5,Profit
ORD-0271,NULL,North,"Alice Johnson",Headset,Retail,46,67.31,0,3096.26,2104.96,991.3,4.8,Profit
ORD-0272,2024-10-23,West,"Bob Smith",Laptop,Unknown,34,1212.19,0.19,33383.71,22882.06,10501.65,4,Profit
ORD-0273,2024-10-26,South,"Carol White",Keyboard,Unknown,22,1324.11,0.0,29130.42,23120.18,6010.24,3.4,Profit
ORD-0274,2024-10-28,South,"Alice Johnson",Headset,Online,3,62.78,0.14,161.97,135.63,26.34,4.5,Profit
ORD-0275,2024-10-30,South,"David Lee",Headset,Unknown,17,33.68,0.16,480.95,399.37,81.58,3.3,Profit
ORD-0276,2024-11-02,South,"Carol White",Keyboard,Wholesale,41,1285.84,0,52719.44,41871.91,10847.53,NULL,Profit
ORD-0277,2024-11-04,South,"Alice Johnson",Monitor,Online,26,614.35,0.07,14854.98,11205.29,3649.69,4.9,Profit
ORD-0278,2024-11-07,West,"Carol White",Mouse,Online,48,631.8,0.08,27900.29,13515.61,14384.68,4.8,Profit
ORD-0279,2024-11-09,West,"David Lee",Monitor,Direct,24,252,0.02,5927.04,2567.89,3359.15,4.6,Profit
ORD-0280,2024-11-12,East,"David Lee",Headset,Online,25,47.61,0.07,1106.93,894.57,212.36,4,Profit
ORD-0282,2024-11-17,North,"David Lee",Keyboard,Retail,42,1267.28,0.15,45241.9,27758.83,17483.07,4.3,Profit
ORD-0283,2024-11-19,Unknown,"Carol White",Laptop,Online,43,533.74,0.15,19508.2,12157.99,7350.21,4.7,Profit
ORD-0284,2024-11-21,West,"Eve Martinez",Keyboard,Retail,16,551.08,0.32,5995.75,5391.57,604.18,3.3,Profit
ORD-0285,2024-11-24,North,"Alice Johnson",Unknown,Unknown,10,930.11,0.08,8557.01,4010.57,4546.44,3.5,Profit
ORD-0286,2024-11-26,West,"Eve Martinez",Headset,Wholesale,50,63.3,0.36,2025.6,2076.57,-50.97,2.9,Loss
ORD-0287,2024-11-29,West,"David Lee",Headset,Retail,32,53.88,0.11,1534.5,1351.08,183.42,4.5,Profit
ORD-0288,2024-12-01,South,Unknown,Mouse,Retail,32,416.58,0.06,12530.73,11333.47,1197.26,3,Profit
ORD-0289,2024-12-04,East,"David Lee",Unknown,Wholesale,48,1483.14,0.08,65495.46,28644.09,36851.37,4.2,Profit
ORD-0290,2024-12-06,South,"Carol White",Headset,Direct,40,50.59,0.04,1942.66,1387.8,554.86,3.2,Profit
ORD-0291,2024-12-09,South,"Alice Johnson",Mouse,Retail,10,525.99,0.15,4470.92,3531.94,938.97,4,Profit
ORD-0292,2024-12-11,East,"Carol White",Monitor,Retail,9,817.82,0.13,6403.53,3851.13,2552.4,4,Profit
ORD-0293,2024-12-13,South,"Eve Martinez",Laptop,Retail,43,1259.13,0.28,38982.66,46559.73,-7577.07,3.7,Loss
ORD-0294,2024-12-16,North,"Alice Johnson",Keyboard,Online,18,1098.15,0.06,18580.7,9556.64,9024.06,3,Profit
ORD-0295,2024-12-18,North,"Carol White",Laptop,Online,50,1062.54,0.13,46220.49,32671.72,13548.77,3.1,Profit
ORD-0296,2024-12-21,South,"Eve Martinez",Headset,Retail,6,38.37,0.31,158.85,168.53,-9.68,2.6,Loss
ORD-0297,2024-12-23,West,Unknown,Keyboard,Unknown,12,1290.74,0.14,13320.44,9665.82,3654.62,4,Profit
ORD-0298,2024-12-26,South,"Carol White",Monitor,Wholesale,38,1447.58,0.03,53357.8,47576,5781.8,3.8,Profit
ORD-0299,2024-12-28,South,"Carol White",Mouse,Direct,47,389.21,0.14,15731.87,16237.97,-506.1,4.2,Loss
ORD-0300,2024-12-31,South,"Alice Johnson",Laptop,Direct,33,302.77,0.01,9891.5,7011.05,2880.45,3.5,Profit
